Date,Open,High,Low,Close,Volume
2023-01-12,40.0537,40.8352,39.9769,40.5731,40640588
2023-01-13,40.5416,40.7292,40.1124,40.632,35208254
2023-01-17,40.7268,41.1425,40.5507,40.7177,37560259
2023-01-18,40.9075,41.3637,39.9318,39.9723,42145095
2023-01-19,39.742,40.632,39.6562,40.4694,37959321
2023-01-20,40.5551,41.0114,40.1442,40.8714,31612796
2023-01-23,41.1694,41.3727,40.7945,40.9255,32437458
2023-01-24,40.79,40.8623,39.9589,40.7674,32955261
2023-01-25,40.5688,40.7719,39.9227,40.7719,29732385
2023-01-26,41.4314,42.0775,40.9255,42.0594,40581856
2023-01-27,41.8336,42.0413,41.1425,41.2101,38565185
2023-01-30,40.9119,40.9707,40.2095,40.266,30466998
2023-01-31,40.1305,40.6838,39.7195,40.6229,30824928
2023-02-01,40.4331,40.6048,39.2994,39.8233,51987435
2023-02-02,39.6698,39.7466,38.4863,38.9155,55126371
2023-02-03,39.0781,39.7104,38.789,38.8296,50313406
2023-02-06,38.8657,39.1593,38.1768,38.6535,35104231
2023-02-07,38.8974,39.9679,38.6941,39.9092,45397952
2023-02-08,39.8777,40.0808,39.3242,39.5522,29849633
2023-02-09,39.5568,39.6833,39.1842,39.2135,35586804
2023-02-10,39.864,40.8307,39.8279,40.7494,44279133
2023-02-13,40.5416,40.8014,40.1216,40.6455,27389831
2023-02-14,40.3248,40.9549,40.2118,40.659,29911010
2023-02-15,40.2029,40.2886,39.4574,39.9679,35358712
2023-02-16,39.7511,40.0922,39.5343,39.5749,28019962
2023-02-17,38.9606,38.9876,37.9985,38.1656,49456287
2023-02-21,37.9985,38.414,37.9036,37.9759,37216415
2023-02-22,37.8719,38.2287,37.3976,37.7228,44574863
2023-02-23,38.2922,38.5133,37.8064,38.2922,38766934
2023-02-24,37.7274,38.2965,37.5104,38.2423,41504742
2023-02-27,38.3191,38.521,38.039,38.3553,33955328
2023-02-28,38.7437,38.7573,37.7725,37.8041,42070211
2023-03-01,37.8358,38.7437,37.6958,38.5495,41058843
2023-03-02,38.4818,39.0329,38.3598,38.8883,36311441
2023-03-03,38.423,39.611,38.396,39.4168,56091781
2023-03-06,39.1999,39.4981,39.0396,39.4348,37521647
2023-03-07,39.1999,39.2998,38.6466,38.7483,40955263
2023-03-08,38.5766,39.0689,37.9817,38.3509,43610329
2023-03-09,38.5722,39.1143,37.7973,37.8087,41937907
2023-03-10,37.8087,38.3417,37.1086,37.3254,62677264
2023-03-13,36.3723,37.2193,35.7353,36.5665,92233572
2023-03-14,36.5619,37.75,36.2751,36.928,67593661
2023-03-15,35.5727,35.8437,34.4366,34.9447,127676266
2023-03-16,34.1768,35.4145,34.039,35.3243,98295729
2023-03-17,35.121,35.4123,34.484,34.7687,74550657
2023-03-20,34.7347,35.6929,34.7347,35.4649,57279714
2023-03-21,36.195,36.8044,36.0856,36.6926,65412053
2023-03-22,36.7154,36.8844,35.8848,35.9122,53906462
2023-03-23,36.1084,36.4211,35.0724,35.4146,54209716
2023-03-24,34.7117,35.6907,34.6,35.5516,45241256
2023-03-27,35.9258,36.5146,35.6383,36.3093,44063246
2023-03-28,36.1039,37.0303,36.0901,36.8707,35708086
2023-03-29,37.2359,37.4207,36.9939,37.3819,39660297
2023-03-30,37.6922,37.747,37.3271,37.5461,30081952
2023-03-31,37.642,37.868,37.503,37.8063,35377201
2023-04-03,39.3993,39.7735,39.1938,39.5179,68413358
2023-04-04,39.6367,39.6869,38.4546,38.8014,54074703
2023-04-05,38.8973,39.3855,38.5731,39.3855,44423009
2023-04-06,39.3264,39.3664,38.7078,38.7877,36564544
2023-04-10,38.9337,39.5454,38.9337,39.0981,29552295
2023-04-11,39.3172,39.7143,39.0933,39.4677,28016326
2023-04-12,39.7416,39.8237,39.3765,39.4952,36516143
2023-04-13,39.4358,39.842,39.3399,39.7416,34380198
2023-04-14,39.7964,40.0469,39.5819,39.8148,25808991
2023-04-17,39.6824,39.8466,39.2076,39.3445,26030083
2023-04-18,39.2533,39.6001,39.057,39.4997,26831441
2023-04-19,39.1437,39.3948,38.9291,39.3628,37514957
2023-04-20,38.8151,39.0251,38.5412,39.0159,33297582
2023-04-21,39.1574,39.1757,38.6142,38.7877,36979746
2023-04-24,38.6645,39.5636,38.6508,39.3811,27662138
2023-04-25,38.9977,39.0662,38.4134,38.6416,33592227
2023-04-26,38.3677,38.7237,37.8932,38.1259,43894733
2023-04-27,38.103,38.3586,37.7425,38.2628,37370956
2023-04-28,38.1259,39.0662,37.9935,38.8562,41877480
2023-05-01,38.3677,38.8334,38.2146,38.418,30476941
2023-05-02,37.957,38.0163,36.3959,36.7475,74105017
2023-05-03,36.2773,36.7018,36.04,36.0536,65034219
2023-05-04,36.0672,36.4324,35.5432,35.6521,57906575
2023-05-05,36.638,36.9073,36.4188,36.6197,42802877
2023-05-08,37.1537,37.3134,36.6151,36.6197,35834271
2023-05-09,36.3321,36.9802,36.2522,36.6333,45374928
2023-05-10,36.816,36.8889,35.9441,36.2179,39493188
2023-05-11,35.7068,35.9715,35.5105,35.7843,41811462
2023-05-12,35.9623,36.2042,35.579,35.8391,41532117
2023-05-15,35.9715,36.2272,35.6886,36.0217,35650956
2023-05-16,35.8529,36.008,35.0837,35.1362,48771346
2023-05-17,35.4967,36.0035,35.2366,35.8117,50610551
2023-05-18,35.5972,36.1153,35.3735,36.0719,36318848
2023-05-19,36.4052,36.6333,36.1449,36.3502,39570075
2023-05-22,36.2133,36.5685,36.1449,36.1996,29515310
2023-05-23,36.5466,37.003,36.4484,36.5877,46889390
2023-05-24,36.8752,37.0303,36.437,36.7475,36669434
2023-05-25,36.2179,36.2956,35.757,36.0947,41901979
2023-05-26,36.3138,36.4142,35.7661,35.9533,31533365
2023-05-30,35.328,35.6246,35.191,35.5835,44181290
2023-05-31,35.0267,35.296,34.8396,34.9582,49073588
2023-06-01,35.0404,35.7889,34.8032,35.3918,56551195
2023-06-02,36.0536,36.6424,35.8072,36.4691,60555175
2023-06-05,37.0008,37.0008,36.1632,36.2272,41436728
2023-06-06,35.7478,36.5512,35.7112,36.5193,38067700
2023-06-07,36.6973,37.5326,36.6745,37.4868,66443766
2023-06-08,37.5371,37.6625,36.7063,37.3271,50568494
2023-06-09,37.3088,37.4914,37.0214,37.1217,42052294
2023-06-12,36.5648,37.1353,36.5146,36.7658,39865926
2023-06-13,37.1719,37.6625,36.9209,36.9391,43967473
2023-06-14,37.3042,37.4686,36.2864,36.5603,52149337
2023-06-15,36.6242,37.2404,36.6151,36.9619,51241982
2023-06-16,37.0988,37.2038,36.7999,36.9073,51992022
2023-06-20,36.6613,36.7003,35.8093,36.081,46223355
2023-06-21,35.9337,36.6727,35.8785,36.3666,37434631
2023-06-22,36.0351,36.0765,35.745,35.8785,36388945
2023-06-23,35.4916,35.7151,35.3264,35.6206,37903053
2023-06-26,35.6852,36.4634,35.6021,36.2607,35279000
2023-06-27,36.2238,36.5,36.012,36.3436,30826619
2023-06-28,36.3067,36.7579,35.9844,36.7118,35729265
2023-06-29,36.8501,37.1354,36.6519,37.1354,30878085
2023-06-30,37.3887,37.5638,37.1124,37.375,39060039
2023-07-03,37.467,37.7432,37.3242,37.4624,21218021
2023-07-05,37.6189,37.6258,37.0434,37.2552,35357266
2023-07-06,36.8501,37.1079,36.1386,36.4172,45572311
2023-07-07,36.2376,37.543,36.21,37.2,53117371
2023-07-10,37.1033,37.5638,37.0756,37.49,33581118
2023-07-11,37.6604,38.3741,37.5868,38.3142,43046834
2023-07-12,38.6274,38.8852,38.4294,38.6688,46777373
2023-07-13,38.6688,38.9059,38.1623,38.5215,57798006
2023-07-14,38.2728,38.3097,37.4117,37.5039,47766246
2023-07-17,37.3704,37.5913,37.26,37.4302,35252949
2023-07-18,37.3428,38.1969,37.2829,37.8077,46926210
2023-07-19,37.8077,38.2866,37.7248,38.0288,40743576
2023-07-20,38.3419,38.5536,38.1532,38.4754,38494532
2023-07-21,38.6182,38.8346,38.3695,38.8161,34236983
2023-07-24,39.0142,39.7278,39.0003,39.4424,48365038
2023-07-25,39.4239,39.8797,39.1846,39.6496,36492932
2023-07-26,39.3226,39.8199,39.2675,39.6635,35604117
2023-07-27,39.8797,40.0409,39.2996,39.41,38603987
2023-07-28,39.3825,39.5368,38.9542,39.5298,37611453
2023-07-31,39.8752,40.3955,39.7601,40.2804,39381345
2023-08-01,40.1192,40.2067,39.6606,40.0916,38884881
2023-08-02,39.8199,40.0225,39.2306,39.5667,49867286
2023-08-03,39.6726,40.3264,39.4561,39.9673,45209837
2023-08-04,40.2529,40.6302,39.9764,40.0225,46919386
2023-08-07,40.2483,40.3311,39.9508,40.0686,29125186
2023-08-08,39.4194,40.2827,39.1224,40.2665,40435349
2023-08-09,40.658,41.146,40.4047,40.773,56559155
2023-08-10,40.8329,41.2979,40.4922,40.7685,42595602
2023-08-11,40.75,41.4407,40.7409,41.3945,50699263
2023-08-14,41.2795,41.3901,40.9434,41.2196,32782388
2023-08-15,40.9343,40.9803,40.2896,40.3633,48845934
2023-08-16,40.4047,40.8421,39.9857,40.0133,41258824
2023-08-17,40.5751,41.0447,40.4323,40.4922,43939708
2023-08-18,40.2574,40.9434,40.1284,40.8927,38339780
2023-08-21,41.0586,41.2244,40.3533,40.6349,33107075
2023-08-22,40.6856,40.8283,40.2965,40.3219,27950192
2023-08-23,39.8844,40.2573,39.5391,40.2205,42130909
2023-08-24,39.8568,40.3679,39.8291,39.9443,36328422
2023-08-25,40.1837,40.5337,39.8338,40.3311,41303732
2023-08-28,40.4369,40.9065,40.3673,40.6027,27927086
2023-08-29,40.75,40.7547,40.308,40.7132,29339968
2023-08-30,40.8974,40.9895,40.7361,40.9159,30285560
2023-08-31,41.0677,41.1368,40.6487,40.9434,32161171
2023-09-01,41.3945,41.8252,41.3854,41.7814,38835883
2023-09-05,42.0162,42.4307,41.9748,42.0025,52923369
2023-09-06,41.9196,42.2466,41.7124,42.021,43787675
2023-09-07,42.1038,42.3178,41.9052,41.9793,33368418
2023-09-08,42.1775,42.6886,42.1544,42.3846,37736489
2023-09-11,42.6931,42.8221,41.6572,41.8276,47882241
2023-09-12,42.2787,42.8589,42.2005,42.8128,58202904
2023-09-13,42.8543,42.9417,42.2697,42.4906,39434438
2023-09-14,42.9326,43.1375,42.8035,42.9878,40286248
2023-09-15,42.5918,43.0109,42.3662,42.3662,53873897
2023-09-18,42.8039,42.9291,42.4111,42.725,36376818
2023-09-19,43.0451,43.1054,42.0757,42.3262,39098779
2023-09-20,42.1174,42.5953,41.904,41.9319,38743258
2023-09-21,42.2195,42.317,41.287,41.3567,46832346
2023-09-22,41.6674,41.9458,41.3869,41.4262,45351088
2023-09-25,41.315,42.0107,41.315,41.9458,37807359
2023-09-26,41.5841,41.9551,41.5191,41.7046,36067784
2023-09-27,42.2241,42.8642,42.0362,42.7436,49897148
2023-09-28,42.5581,43.0381,42.4607,42.79,52239866
2023-09-29,42.725,42.8921,41.7671,41.9272,52138962
2023-10-02,41.8717,41.983,40.8093,41.0923,54543483
2023-10-03,40.9949,41.1435,40.661,41.0645,44698411
2023-10-04,40.4523,40.5218,39.3852,39.7749,64215300
2023-10-05,39.2045,39.8771,39.2045,39.5291,50702918
2023-10-06,39.5291,40.1275,39.0839,39.7658,55493458
2023-10-09,40.8325,41.2639,40.5409,41.0923,66281422
2023-10-10,41.1294,41.4147,40.8976,41.1435,44950584
2023-10-11,40.7213,40.763,40.1478,40.6146,50819762
2023-10-12,41.0459,41.0831,40.472,40.661,43102933
2023-10-13,41.3243,41.7556,41.148,41.5562,52314787
2023-10-16,41.8252,41.9574,41.4356,41.8346,41355407
2023-10-17,41.7418,42.4003,41.679,42.2706,43574501
2023-10-18,42.442,42.8319,42.3447,42.6555,51327956
2023-10-19,42.507,42.9338,42.1035,42.5812,68230348
2023-10-20,42.507,42.6649,41.7207,41.8669,50177560
2023-10-23,41.6257,41.6303,40.9995,41.1898,55932224
2023-10-24,41.2918,41.3243,40.596,40.6099,47722062
2023-10-25,40.6379,40.8466,40.3316,40.5357,44640291
2023-10-26,40.1646,40.4058,39.8191,40.2203,48259668
2023-10-27,40.1786,40.3293,39.1211,39.2555,58003257
2023-10-30,39.3948,39.6776,39.0051,39.3852,49079268
2023-10-31,39.4317,39.5987,39.0374,39.5152,40105457
2023-11-01,39.7658,39.9791,39.3668,39.4225,49674109
2023-11-02,39.5199,40.6517,39.2925,40.6146,48855391
2023-11-03,40.5404,40.6679,39.9605,40.2064,50916433
2023-11-06,40.5264,40.5264,39.6359,39.7517,44233635
2023-11-07,39.2324,39.302,38.6965,38.8704,51256299
2023-11-08,38.7221,38.9771,38.3676,38.3835,54696762
2023-11-09,38.6664,38.7545,38.2444,38.2675,41212015
2023-11-10,38.6989,38.7824,38.3231,38.6896,37278960
2023-11-13,38.7499,39.0467,38.6293,38.9679,30664515
2023-11-14,39.1163,39.4247,39.0514,39.3157,37430320
2023-11-15,39.2555,39.7363,39.1859,39.2415,35618892
2023-11-16,38.8704,39.019,38.0843,38.4763,57309592
2023-11-17,38.8056,39.5431,38.7128,39.2833,52667368
2023-11-20,39.4457,39.6776,39.3297,39.3389,31366909
2023-11-21,39.1534,39.3204,38.877,39.2508,29076074
2023-11-22,38.4669,39.2647,38.2489,39.2324,39398912
2023-11-24,39.2184,39.6869,39.1952,39.3948,20645320
2023-11-27,39.1906,39.3251,38.8891,39.2555,26411446
2023-11-28,39.3343,39.6266,39.1906,39.2647,31175920
2023-11-29,39.5106,39.5594,38.845,38.9726,48796102
2023-11-30,39.3065,39.7936,38.7638,39.2324,62913433
2023-12-01,39.1859,39.9024,39.0097,39.4364,46403036
2023-12-04,39.1488,39.5015,38.9679,39.2555,39959487
2023-12-05,39.2324,39.3065,38.5459,38.569,40689112
2023-12-06,38.3185,38.5874,37.8454,37.9938,67162684
2023-12-07,38.17,38.3578,37.5973,37.734,44097200
2023-12-08,37.9846,38.2583,37.908,38.1422,36787086
2023-12-11,38.1747,38.3138,37.9985,38.1886,31631168
2023-12-12,37.8361,37.8779,37.4511,37.6645,48924060
2023-12-13,37.6877,38.2003,37.5114,38.1886,50065545
2023-12-14,38.5736,39.3621,38.5736,39.3111,65449605
2023-12-15,38.9587,39.1766,38.7778,39.1025,49980095
2023-12-18,39.7965,39.9979,39.3844,39.4219,45320025
2023-12-19,39.4968,39.9369,39.4079,39.8949,39357364
2023-12-20,40.0353,40.2695,39.4781,39.5249,42513135
2023-12-21,39.6045,39.7403,39.3071,39.6794,27826857
2023-12-22,39.9651,40.1407,39.7333,39.7965,26732878
2023-12-26,40.1337,40.3514,40.0119,40.1384,27742057
2023-12-27,40.1384,40.2741,39.8153,39.9603,21607946
2023-12-28,39.7543,39.9066,39.3376,39.3516,27971229
2023-12-29,39.4874,39.5249,39.1456,39.2626,25993201
2024-01-02,39.5389,40.0494,39.4828,39.6841,41961801
2024-01-03,39.745,40.4732,39.5436,40.3304,40503570
2024-01-04,40.6207,40.794,39.5998,39.6232,44894981
2024-01-05,40.0026,40.0214,39.4725,39.6559,36332458
2024-01-08,38.9817,39.2439,38.449,39.1972,50414524
2024-01-09,39.2486,39.2908,38.4829,38.5696,36034743
2024-01-10,38.6446,38.6587,38.0356,38.1902,35404066
2024-01-11,38.3963,38.4946,38.134,38.2886,41200309
2024-01-12,38.8786,39.0309,38.4852,38.7194,41393154
2024-01-16,38.635,38.6866,37.7734,37.7968,38469907
2024-01-17,37.4081,37.8578,37.3238,37.4831,41943095
2024-01-18,37.4924,37.5252,36.9878,37.4222,38122208
2024-01-19,37.4035,37.5487,37.2725,37.5439,42643430
2024-01-22,37.4643,37.7664,37.2208,37.6845,32176430
2024-01-23,37.6236,38.0685,37.5673,37.7641,26381585
2024-01-24,37.9607,38.3214,37.7829,38.3027,36131383
2024-01-25,38.5742,39.1784,38.3448,39.1643,40154918
2024-01-26,39.1222,39.4687,38.8341,39.4547,38937844
2024-01-29,39.3938,39.4547,38.9862,39.3984,31689465
2024-01-30,39.0098,39.8153,38.8599,39.8059,37733064
2024-01-31,39.8059,39.8808,39.0426,39.0612,41191953
2024-02-01,39.2955,39.4781,38.6959,39.0566,54560003
2024-02-02,39.3844,39.4219,38.7849,39.1128,40652005
2024-02-05,38.874,39.2462,38.5906,39.0144,33731923
2024-02-06,39.2064,39.5249,38.9769,39.1409,29955195
2024-02-07,39.2533,39.4196,38.9021,39.2205,28742477
2024-02-08,39.1972,39.7685,39.1877,39.6232,38651227
2024-02-09,39.6982,39.8667,38.9723,39.0144,40650205
2024-02-12,39.1504,39.5576,39.1504,39.4453,27646393
2024-02-13,39.4828,39.6186,38.7919,39.0472,43942376
2024-02-14,39.3329,39.4524,38.8036,39.0098,43662385
2024-02-15,39.0003,40.2068,38.9676,40.0962,46299403
2024-02-16,40.2602,40.3911,39.9557,40.0728,28785516
2024-02-20,40.115,40.1384,39.6559,39.7075,30958045
2024-02-21,39.8761,40.4896,39.848,40.4522,30702927
2024-02-22,40.1945,40.6909,40.0026,40.5224,37589689
2024-02-23,40.1289,40.3842,39.8714,40.2554,30911940
2024-02-26,40.2086,40.6606,40.0071,40.3959,24958494
2024-02-27,40.4333,40.6066,40.0167,40.2226,28098571
2024-02-28,40.2741,40.5785,39.9837,40.1431,28485345
2024-02-29,40.2273,40.4709,40.1126,40.3397,29185414
2024-03-01,40.63,40.9953,40.5598,40.8079,34656614
2024-03-04,40.7845,40.8924,40.3327,40.3724,35444945
2024-03-05,40.3117,40.9345,40.2602,40.6722,34351859
2024-03-06,41.0142,41.2295,40.7098,40.7987,29904444
2024-03-07,40.8548,41.3747,40.8221,41.1452,26232080
2024-03-08,41.0891,41.2998,40.986,41.2904,30164128
2024-03-11,41.2998,41.7307,40.9908,41.7166,26674660
2024-03-12,41.7119,41.8266,41.4286,41.6509,25390435
2024-03-13,42.0864,42.5455,42.0162,42.3161,45616902
2024-03-14,42.4846,42.7703,42.3206,42.7516,38378915
2024-03-15,42.7187,43.187,42.6203,42.878,40308577
2024-03-18,43.0498,43.1772,42.6909,43.0262,32299773
2024-03-19,43.0215,43.55,42.9931,43.5171,30233504
2024-03-20,43.2669,43.6115,43.2008,43.4557,34590260
2024-03-21,43.5313,43.8051,43.3944,43.7153,24713786
2024-03-22,43.7342,43.8428,43.5141,43.621,19009999
2024-03-25,43.7721,44.3198,43.7626,44.027,37148089
2024-03-26,44.0695,44.1687,43.6021,43.6871,37465265
2024-03-27,43.5926,44.1024,43.5171,44.0931,35967910
2024-03-28,44.3527,44.6502,44.1382,44.5699,36661698
2024-04-01,44.7021,45.0325,44.2613,44.9004,45435356
2024-04-02,45.0939,45.5754,44.8957,45.5282,40957563
2024-04-03,45.6982,45.9013,45.5494,45.8398,30872236
2024-04-04,45.9106,46.0735,45.6321,45.8115,39125377
2024-04-05,46.0003,46.485,45.7218,46.3025,33038859
2024-04-08,46.3261,46.4583,45.9271,46.0098,36046790
2024-04-09,46.2081,46.3307,45.6887,46.0239,37422110
2024-04-10,45.8964,46.3354,45.6982,46.1655,41517259
2024-04-11,46.3119,46.3307,45.4786,46.1325,41522599
2024-04-12,46.4252,46.7226,45.1648,45.3818,49325941
2024-04-15,45.5991,45.8162,44.9004,44.957,51569477
2024-04-16,44.8721,45.0797,44.2489,44.5651,38655474
2024-04-17,44.4708,44.9145,44.1214,44.4378,29042126
2024-04-18,44.5888,44.7162,44.1451,44.3007,27066579
2024-04-19,44.3858,45.1364,44.3198,44.8342,37518458
2024-04-22,44.5982,45.4339,44.2442,45.127,32032473
2024-04-23,44.9193,45.3772,44.7021,45.3772,30351812
2024-04-24,45.0939,45.4622,44.8768,45.4103,22563332
2024-04-25,45.3583,45.7548,44.9665,45.6179,28066970
2024-04-26,45.2072,45.3749,44.7351,45.1977,34280215
2024-04-29,45.0656,45.6037,45.0373,45.5047,23551011
2024-04-30,45.3205,45.3984,44.1285,44.1496,37491832
2024-05-01,44.0884,44.2299,43.2103,43.4463,53955654
2024-05-02,43.739,43.994,43.4889,43.6965,36663449
2024-05-03,43.7342,43.7815,43.123,43.7013,40339605
2024-05-06,43.8382,44.4873,43.8382,44.0458,35422911
2024-05-07,44.1072,44.3291,43.9892,44.0033,22180467
2024-05-08,43.7485,44.1615,43.6824,43.9514,20983224
2024-05-09,43.9986,44.5415,43.9986,44.5415,23819142
2024-05-10,44.636,44.7823,44.178,44.2962,21784480
2024-05-13,44.3999,44.5651,43.9892,44.178,22218345
2024-05-14,44.0931,44.2678,43.9136,44.2347,25793412
2024-05-15,44.1403,44.4141,43.4889,44.3339,41085757
2024-05-16,44.2347,44.5558,44.0931,44.2111,26033392
2024-05-17,44.2914,44.898,44.2771,44.8295,30716248
2024-05-20,44.8485,44.9475,44.4259,44.5368,21325094
2024-05-21,44.4235,44.7846,44.2867,44.3198,23796039
2024-05-22,44.1403,44.1592,43.2952,43.4699,36929471
2024-05-23,43.6871,43.8382,42.9979,43.0734,28523649
2024-05-24,43.4086,43.5217,43.0119,43.1348,20167186
2024-05-28,43.2858,43.6917,43.1749,43.5785,30613026
2024-05-29,43.4557,43.4935,42.6154,42.8091,31830418
2024-05-30,42.7146,43.0875,42.7004,42.9318,24076810
2024-05-31,43.0073,44.0299,42.9645,43.9986,34424696
2024-06-03,43.8523,43.8664,42.5304,42.8467,43208613
2024-06-04,42.403,42.4738,41.8742,42.436,36774251
2024-06-05,42.488,42.554,42.1717,42.4313,22284111
2024-06-06,42.2849,42.6673,42.1229,42.6532,27014532
2024-06-07,42.5729,42.9765,42.2756,42.4832,21277550
2024-06-10,42.6437,43.0592,42.4832,42.8043,23881514
2024-06-11,42.6154,42.7664,42.2237,42.7192,19690292
2024-06-12,43.0734,43.0875,42.0495,42.2613,34485659
2024-06-13,42.1481,42.2661,41.6595,41.8742,30180393
2024-06-14,41.827,41.8742,41.388,41.5627,27337384
2024-06-17,41.506,41.8578,41.355,41.6714,31294675
2024-06-18,41.9403,42.3748,41.7412,41.8461,31017249
2024-06-20,41.9686,42.8327,41.8365,42.6154,36088407
2024-06-21,42.7287,42.8467,42.3085,42.37,42350479
2024-06-24,42.6054,43.6025,42.534,43.4382,32769075
2024-06-25,43.4001,43.5429,43.1622,43.5381,29072796
2024-06-26,43.5857,43.5857,42.9029,43.1098,24299668
2024-06-27,43.3383,43.3859,42.9671,43.2098,16423899
2024-06-28,43.5429,43.6952,43.2193,43.3763,26971182
2024-07-01,43.7238,43.8664,43.1432,43.4001,25808337
2024-07-02,43.8189,43.8284,43.0909,43.3669,26505452
2024-07-03,43.4049,43.7571,43.3287,43.5572,17105291
2024-07-05,43.4716,43.5048,42.6863,42.8767,24639139
2024-07-08,42.5673,43.0099,42.446,42.6149,20588234
2024-07-09,42.1913,42.7054,42.0678,42.239,20058879
2024-07-10,42.1913,42.5388,42.0629,42.5245,20300077
2024-07-11,42.4151,43.0552,42.2675,42.9671,23839757
2024-07-12,43.2098,43.2717,42.7577,43.0766,19035557
2024-07-15,43.3811,44.1235,43.2145,43.7284,32352713
2024-07-16,43.5429,43.9651,43.3193,43.9237,25352389
2024-07-17,44.0236,44.647,44.0141,44.3614,30927354
2024-07-18,44.3138,44.9754,44.1568,44.4423,34533644
2024-07-19,44.371,44.6755,43.8426,43.957,27843504
2024-07-22,43.7238,43.9332,43.4312,43.6809,22618688
2024-07-23,43.5572,43.5953,42.9314,42.9862,34781745
2024-07-24,43.1004,43.3763,42.6934,42.9908,30815088
2024-07-25,43.0195,43.8712,42.8148,43.7333,38284325
2024-07-26,43.6191,44.0544,43.4627,43.8712,24933625
2024-07-29,43.8761,43.9093,43.0837,43.4954,28533016
2024-07-30,43.4905,44.3091,43.4391,44.1711,26974512
2024-07-31,44.7706,44.7993,44.3234,44.3567,38007307
2024-08-01,44.2567,44.4804,42.9576,43.1813,44715682
2024-08-02,42.6863,42.9195,41.6442,42.0678,48159531
2024-08-05,41.1635,41.4871,40.6734,41.1397,52575457
2024-08-06,41.292,41.8584,41.1302,41.3919,33011128
2024-08-07,41.8963,42.3247,41.5346,41.5585,27450207
2024-08-08,41.6776,42.5102,41.6776,42.4531,22691530
2024-08-09,42.3912,42.7291,42.12,42.5484,23478213
2024-08-12,42.7958,43.0314,41.6394,42.7577,30244956
2024-08-13,42.4342,42.4721,42.1344,42.3436,32977288
2024-08-14,42.4245,42.7791,42.2581,42.5911,22755374
2024-08-15,42.8338,43.2384,42.7958,43.1004,19264576
2024-08-16,42.8338,43.1575,42.8005,43.0528,18652899
2024-08-19,43.1242,43.7094,43.1242,43.3431,22865782
2024-08-20,43.2478,43.286,42.1819,42.201,35583081
2024-08-21,42.4675,42.6792,42.151,42.2722,23890251
2024-08-22,42.3008,42.5721,42.2152,42.3818,20588679
2024-08-23,42.5816,43.0861,42.5292,43.0147,21785612
2024-08-26,43.4905,43.7784,43.0813,43.4001,20503914
2024-08-27,43.4001,43.5192,42.9195,42.9957,17469913
2024-08-28,42.734,42.9838,42.531,42.7196,17913173
2024-08-29,42.9719,43.4382,42.5673,43.2765,23639477
2024-08-30,42.8386,43.4526,42.7388,43.4382,29508840
2024-09-03,42.7291,42.7943,42.0891,42.3581,40130126
2024-09-04,42.4007,42.672,41.6894,41.7726,31640386
2024-09-05,42.0724,42.1058,41.411,41.449,26258036
2024-09-06,41.5395,41.7917,40.7638,40.9303,37732319
2024-09-09,41.054,41.6061,40.9922,41.2254,34488105
2024-09-10,41.2872,41.3396,40.169,40.5164,51827073
2024-09-11,40.5116,40.5306,39.5074,40.1404,50565097
2024-09-12,40.2974,40.6567,39.9976,40.5021,33379529
2024-09-13,40.7067,41.035,40.6115,40.7305,27523244
2024-09-16,41.0732,41.4538,40.8875,41.1968,28237687
2024-09-17,41.2111,41.7822,41.1208,41.7537,26303629
2024-09-18,41.6917,42.3484,41.6347,41.8346,29639451
2024-09-19,42.5436,42.8077,42.101,42.3343,39723044
2024-09-20,42.1581,42.339,41.7703,42.239,29378908
2024-09-23,42.3193,42.9695,42.173,42.7608,27750591
2024-09-24,43.2502,43.2502,42.5953,42.6552,36084279
2024-09-25,42.5449,42.6744,41.734,41.8204,28796255
2024-09-26,40.9904,41.5397,40.8655,40.9999,48869514
2024-09-27,41.2206,41.8948,41.1966,41.8348,31772382
2024-09-30,41.7435,42.2018,41.5157,42.1275,23769148
2024-10-01,41.7484,43.2597,41.6958,43.0871,68895912
2024-10-02,43.6916,43.802,43.044,43.5285,43689176
2024-10-03,43.682,44.3537,43.351,44.2962,46607936
2024-10-04,44.6705,44.8456,44.2627,44.7089,37468652
2024-10-07,44.8671,45.2031,44.7184,44.8671,33887692
2024-10-08,44.2867,44.3347,43.4853,43.6965,41432811
2024-10-09,43.3701,44.0755,43.2838,43.9603,32845793
2024-10-10,44.205,44.5026,43.8835,44.2578,27143363
2024-10-11,44.2434,44.6896,44.1571,44.5314,27525911
2024-10-14,44.2194,44.584,44.1523,44.5121,23132534
2024-10-15,43.327,43.6149,43.0535,43.0776,39431264
2024-10-16,43.3222,43.4254,43.1662,43.2838,20713442
2024-10-17,43.279,43.634,43.231,43.4901,22335123
2024-10-18,43.4086,43.5333,43.0391,43.3462,25025640
2024-10-21,43.634,43.7732,43.1398,43.2166,22052495
2024-10-22,43.375,43.5189,43.1591,43.3173,18712002
2024-10-23,43.1974,43.3629,42.8424,43.0919,20646933
2024-10-24,43.1831,43.3126,42.7992,43.0871,17764487
2024-10-25,43.3173,43.4325,42.9479,43.0727,19908349
2024-10-28,42.1562,42.8255,42.1179,42.7992,25247335
2024-10-29,42.7032,42.7368,42.0555,42.1467,24792613
2024-10-30,42.2954,42.5737,42.1322,42.2426,20178914
2024-10-31,42.5112,42.828,42.3938,42.5064,32953784
2024-11-01,43.0823,43.2358,42.1515,42.2187,27411370
2024-11-04,42.5257,43.044,42.4682,42.9766,26897937
2024-11-05,43.1878,43.3726,42.9959,43.2647,21755068
2024-11-06,44.4545,45.2294,44.1665,44.8912,52159297
2024-11-07,44.8624,44.8624,44.3442,44.6849,27237781
2024-11-08,44.6896,45.0471,44.5121,44.9823,23276659
2024-11-11,44.9967,45.3877,44.7809,45.2366,21789269
2024-11-12,45.3401,45.5088,44.9487,44.9967,19278767
2024-11-13,45.0591,45.5317,44.5889,45.3469,24672434
2024-11-14,45.6253,45.6685,45.2294,45.5198,18768902
2024-11-15,45.4525,45.9132,45.2894,45.4525,29262001
2024-11-18,45.8125,46.1482,45.6109,46.0571,26297366
2024-11-19,45.678,46.0379,45.5461,45.7645,24797671
2024-11-20,45.9275,46.2586,45.7885,46.225,18671472
2024-11-21,46.4217,46.9497,46.3211,46.5993,34952293
2024-11-22,46.5369,46.9832,46.4937,46.6712,22462621
2024-11-25,46.7816,46.8968,45.6373,45.75,34337108
2024-11-26,45.8172,45.9084,45.4765,45.6877,25981803
2024-11-27,45.6445,46.0282,45.5821,45.6397,16252676
2024-11-29,45.7068,45.9132,45.6589,45.8365,14210135
2024-12-02,45.822,45.8987,44.944,45.3518,23123616
2024-12-03,45.6061,45.726,45.1507,45.3469,18639145
2024-12-04,45.2894,45.3278,43.9892,44.253,33886275
2024-12-05,44.4473,44.7184,44.2404,44.4258,23615940
2024-12-06,44.3226,44.3394,43.5884,43.6724,27309292
2024-12-09,44.042,44.2698,43.562,43.6005,24621956
2024-12-10,43.8164,43.9124,43.2407,43.303,24280187
2024-12-11,43.3822,43.5381,43.1638,43.375,24121451
2024-12-12,43.279,43.375,42.9816,43.0246,22661286
2024-12-13,43.1303,43.1446,42.6889,42.8089,23286288
2024-12-16,42.6649,42.6889,41.8348,41.8684,26089568
2024-12-17,41.5296,41.6333,41.1679,41.5565,33358590
2024-12-18,41.4605,41.638,40.3282,40.3282,40892330
2024-12-19,40.7504,40.8847,39.949,39.9779,52091754
2024-12-20,39.9683,40.5105,39.8676,40.3713,37207118
2024-12-23,40.2939,40.7439,40.0375,40.6084,35596064
2024-12-24,40.71,41.0293,40.458,40.952,15526089
2024-12-26,40.9569,40.9882,40.6665,40.918,15900462
2024-12-27,40.8878,41.3583,40.7076,40.9132,21050181
2024-12-30,40.9592,41.1406,40.5698,40.9085,24331868
2024-12-31,41.0362,41.5616,40.9206,41.4455,21872121
2025-01-02,41.881,42.2365,41.6463,41.9293,36052526
2025-01-03,42.1955,42.463,42.0067,42.3212,22863156
2025-01-06,42.5148,42.8534,42.0188,42.1277,23598135
2025-01-07,42.4228,42.8727,42.1808,42.5486,25872134
2025-01-08,42.2728,42.6115,42.1374,42.5921,29435413
2025-01-10,43.2067,43.6421,42.539,42.7662,35214146
2025-01-13,42.9949,43.9203,42.9598,43.6663,50529623
2025-01-14,43.5478,44.1742,43.5236,44.1356,32214388
2025-01-15,44.3678,44.9025,44.2226,44.7888,35815692
2025-01-16,44.6339,45.1541,44.5855,45.1129,26073469
2025-01-17,45.0307,45.621,44.9532,45.4613,24698054
2025-01-21,45.3065,45.4807,44.992,45.229,50949066
2025-01-22,45.1153,45.142,44.3775,44.4065,37078893
2025-01-23,44.7549,44.9097,44.2928,44.6097,30339918
2025-01-24,44.6726,44.854,44.1235,44.1791,30130823
2025-01-27,43.9324,44.1066,43.4147,43.7194,33062188
2025-01-28,43.8695,44.0049,43.0856,43.3033,38651210
2025-01-29,43.197,43.6203,43.1341,43.4001,21372663
2025-01-30,43.7388,43.8502,43.3518,43.6227,40398488
2025-01-31,43.5236,43.5985,42.3018,42.4034,46027964
2025-02-03,42.3986,42.8413,42.0115,42.6696,41146583
2025-02-04,42.4325,43.6566,42.3986,43.5646,41625427
2025-02-05,43.5501,43.7171,43.3058,43.6566,22499325
2025-02-06,43.8549,43.9614,42.6212,42.8534,42689635
2025-02-07,43.0083,43.238,42.7904,42.8485,23322346
2025-02-10,43.2308,43.8646,43.2308,43.792,26735628
2025-02-11,44.1162,44.4404,43.7194,44.1453,27102965
2025-02-12,43.7606,44.0824,43.001,43.0807,40094906
2025-02-13,43.0373,43.5018,42.7325,43.405,32604924
2025-02-14,43.6324,44.1863,43.5695,43.5792,26751270
2025-02-18,43.7824,44.4645,43.5357,44.1742,30562739
2025-02-19,44.3569,44.9388,44.3315,44.5227,25350747
2025-02-20,44.4452,45.004,44.242,44.929,29278773
2025-02-21,44.6339,44.7791,43.9686,43.9953,32321447
2025-02-24,44.0727,44.2412,43.7703,44.0049,27173697
2025-02-25,43.9904,44.1984,43.0155,43.3711,27497575
2025-02-26,43.4098,43.538,42.9235,43.1244,25117665
2025-02-27,43.3663,43.8865,43.0518,43.3566,31051801
2025-02-28,43.2259,44.063,42.9454,44.0291,27516623
2025-03-03,44.2662,44.4513,42.0986,42.4906,51155434
2025-03-04,41.8568,42.7615,41.3341,42.0793,52369976
2025-03-05,41.4697,41.6801,40.6544,41.4648,58398654
2025-03-06,41.3003,41.8447,40.9422,41.5906,48677885
2025-03-07,41.7792,42.6064,41.7792,42.3018,46347384
2025-03-10,42.5316,43.2017,42.2196,42.6163,41383124
2025-03-11,42.7611,42.9745,42.0503,42.2776,31240094
2025-03-12,42.3212,42.8606,42.1445,42.4711,33317512
2025-03-13,42.326,42.9308,41.9244,42.1808,31769018
2025-03-14,42.4131,43.4873,42.2196,43.4292,33092920
2025-03-17,43.4485,44.3242,43.3953,44.1211,30755815
2025-03-18,44.3703,44.467,43.8453,44.1937,31835663
2025-03-19,44.271,45.1129,44.242,44.9146,32802999
2025-03-20,44.7162,45.229,44.4791,45.079,34271478
2025-03-21,44.9,45.0355,44.4815,44.7646,38210756
2025-03-24,44.9335,45.5406,44.8945,45.2748,24429798
2025-03-25,45.4918,45.8551,45.3235,45.4601,22858339
2025-03-26,45.8842,46.2354,45.6137,45.7283,26221324
2025-03-27,45.5917,45.7624,45.1029,45.2846,19634182
2025-03-28,45.2552,45.4308,44.8432,45.07,22813976
2025-03-31,44.9092,45.8355,44.9092,45.5673,29545752
2025-04-01,45.5331,45.8769,45.0992,45.8355,27810239
2025-04-02,45.4664,45.938,45.3382,45.8989,34823378
2025-04-03,43.968,44.0509,42.2809,42.2954,77579957
2025-04-04,40.8521,41.2472,38.4043,38.4043,103311550
2025-04-07,37.2038,39.7794,36.5611,38.1557,116800551
2025-04-08,39.2869,39.5332,36.6781,37.2732,92838630
2025-04-09,36.6831,40.5742,36.3222,40.1597,121984598
2025-04-10,38.9407,39.1162,36.8049,37.5364,81054721
2025-04-11,37.7266,38.7554,36.9708,38.4677,42981729
2025-04-14,39.3795,39.3795,38.219,38.6043,33580156
2025-04-15,38.6386,39.2625,38.5238,38.5458,22730063
2025-04-16,38.7749,39.5185,38.6872,38.8627,28025790
2025-04-17,39.2089,40.3524,39.1602,39.7404,49125925
2025-04-21,39.1796,39.2089,38.2727,38.7018,31799788
2025-04-22,39.2222,39.9794,39.0333,39.6867,22658728
2025-04-23,40.0403,40.4621,39.3698,39.6136,44314050
2025-04-24,39.9696,40.3645,39.638,40.2475,21758065
2025-04-25,39.9354,40.2085,39.7307,40.1743,18113559
2025-04-28,40.1402,40.5669,40.0768,40.4572,16854290
2025-04-29,40.0339,40.4865,39.9256,40.3401,20347442
2025-04-30,39.6882,39.7478,38.7675,39.2528,38774972
2025-05-01,38.9456,39.9159,38.9309,39.3991,37237000
2025-05-02,39.9159,40.1743,39.1625,39.9744,32852760
2025-05-05,39.4039,39.5258,39.0333,39.2528,30280435
2025-05-06,39.3747,39.6039,39.0432,39.2625,23579669
2025-05-07,39.3405,39.4748,38.9797,39.2772,23018545
2025-05-08,39.6331,40.3353,39.5746,39.794,31342410
2025-05-09,40.2866,40.3913,39.8671,40.1939,20501080
2025-05-12,41.6811,41.8713,40.94,41.2423,33438525
2025-05-13,41.5056,42.1517,41.2813,41.8225,29769124
2025-05-14,41.5421,41.7299,41.408,41.5689,21874617
2025-05-15,41.0861,41.7688,40.94,41.7444,30476617
2025-05-16,41.8371,41.8615,41.2545,41.6811,22277776
2025-05-19,41.3324,41.3788,40.8351,41.1399,25416789
2025-05-20,41.1057,41.2032,40.7205,40.7595,23360930
2025-05-21,40.4718,40.5936,40.0038,40.0085,26351194
2025-05-22,39.7916,40.0793,39.3601,39.8526,24335175
2025-05-23,39.5015,40.0793,39.4868,39.9794,24108214
2025-05-27,40.2695,40.3889,39.9598,40.3254,19511486
2025-05-28,40.6205,40.6425,39.7111,39.8135,30303402
2025-05-29,39.8501,40.111,39.6234,40.111,24397906
2025-05-30,39.8282,39.9622,39.4356,39.7551,31827162
2025-06-02,40.501,40.5547,39.8135,40.2767,32844740
2025-06-03,40.306,41.0057,39.9256,40.7546,31123767
2025-06-04,40.7351,41.052,39.9111,39.9598,46080912
2025-06-05,40.2572,40.2767,39.8185,39.9208,28370225
2025-06-06,40.3596,40.7936,40.2816,40.6717,29282307
2025-06-09,40.8156,41.1739,40.5084,40.7497,29408963
2025-06-10,41.1764,41.7444,41.1642,41.4762,47263227
2025-06-11,41.7688,42.1442,41.3495,42.0761,50241375
2025-06-12,41.8663,42.2346,41.5738,42.2223,34892611
2025-06-13,42.9708,43.1878,42.3979,42.9586,86333738
2025-06-16,42.8196,43.2756,42.5076,42.8319,71169912
2025-06-17,43.2682,43.5535,42.9196,43.2317,69608751
2025-06-18,43.3877,43.6072,42.8513,42.9489,72263308
2025-06-20,43.1196,43.5072,42.9928,43.3877,58186369
2025-06-23,43.9325,43.962,42.1063,42.2907,107498535
2025-06-24,41.6737,42.1775,41.5803,41.7401,66478179
2025-06-25,41.6761,41.8409,41.4206,41.5581,44471912
2025-06-26,41.7053,42.2365,41.5484,42.1531,34140529
2025-06-27,42.1285,42.1285,41.6811,41.9317,36018268
2025-06-30,41.7548,41.9515,41.5656,41.6909,26697088
2025-07-01,41.7671,42.2046,41.3689,42.0105,41471163
2025-07-02,42.3645,42.8019,41.8974,42.7331,43196269
2025-07-03,42.679,42.9199,42.5757,42.7822,22647596
2025-07-07,42.6003,42.7479,41.9317,42.3693,36284218
2025-07-08,42.3201,43.667,42.3103,43.5097,48285569
2025-07-09,43.4066,43.5736,43.1608,43.2886,29164273
2025-07-10,43.1485,43.6426,42.8806,43.618,29318475
2025-07-11,43.5442,43.967,43.4114,43.8145,30688333
2025-07-14,43.6818,43.731,43.1018,43.3328,34014334
2025-07-15,43.259,43.436,42.6544,42.7085,34439526
2025-07-16,42.6494,42.8953,42.185,42.3399,36109728
2025-07-17,42.1285,42.6617,42.0203,42.6003,36704512
2025-07-18,42.9395,43.1362,42.0891,42.2562,62020080
2025-07-21,42.325,42.3595,41.7326,41.8187,30955742
2025-07-22,41.7843,42.2465,41.7278,42.0154,32999779
2025-07-23,42.1775,42.6986,42.0793,42.674,28526458
2025-07-24,42.561,43.0326,42.3693,42.9788,24433596
2025-07-25,43.0652,43.0968,42.5929,42.8166,20488147
2025-07-28,43.0968,43.377,43.0379,43.3032,24111308
2025-07-29,43.4405,43.7408,43.2296,43.726,24972488
2025-07-30,43.4803,43.4803,42.8314,43.1018,27007123
2025-07-31,42.6599,43.3647,42.6494,42.8707,25388329
2025-08-01,42.7134,42.8608,41.8433,42.0743,43054388
2025-08-04,42.0006,42.3163,41.7647,41.9809,26963702
2025-08-05,42.0449,42.0916,41.4623,42.0351,31951661
2025-08-06,42.3246,42.5463,41.5238,41.6467,38904595
2025-08-07,41.9071,42.3595,41.4304,41.4845,35642260
2025-08-08,41.6761,42.1308,41.4697,41.7499,41433960
2025-08-11,41.8629,42.0154,41.3419,41.4156,29322495
2025-08-12,41.5287,41.9809,41.3763,41.6172,35118404
2025-08-13,41.6614,42.1039,41.4992,42.0989,26039712
2025-08-14,42.0301,42.121,41.6123,42.0596,25371849
2025-08-15,42.0793,42.534,41.9269,42.0596,27765274
2025-08-18,41.8383,42.0055,41.568,41.8089,26881113
2025-08-19,41.6909,42.0694,41.5827,41.8237,26133969
2025-08-20,41.8925,42.3447,41.8531,42.1727,28446235
2025-08-21,42.094,42.5536,41.9859,42.4627,22466354
2025-08-22,42.6052,43.4312,42.5364,43.3278,31466213
2025-08-25,43.2198,43.495,43.0772,43.4409,23813839
2025-08-26,43.2688,43.4114,42.9665,43.3721,23246971
2025-08-27,43.3082,44.0161,43.259,43.8587,27337718
2025-08-28,43.89,44.2569,43.5835,44.1931,24498836
2025-08-29,44.2422,44.547,44.1538,44.4339,24151625
2025-09-02,44.3209,44.5765,43.9817,44.4979,26409161
2025-09-03,44.1685,44.5102,43.3525,43.5,36635071
2025-09-04,43.5048,43.9718,43.318,43.7899,26339026
2025-09-05,43.4312,43.5736,42.7257,42.9445,49007506
2025-09-08,43.1165,43.2738,42.4652,42.8461,35530181
2025-09-09,43.0821,43.6597,43.028,43.0526,41898979
2025-09-10,43.1509,43.8268,43.0526,43.8048,30445514
2025-09-11,43.4606,43.9079,43.323,43.8145,25608086
2025-09-12,44.0112,44.1931,43.5442,43.554,22680193
2025-09-15,43.6277,43.7506,43.3328,43.4066,23687453
2025-09-16,43.6253,44.2692,43.5884,44.1341,42305873
2025-09-17,44.0161,44.547,43.8833,44.2373,26490957
2025-09-18,44.2914,44.3651,43.7653,44.0997,29204848
2025-09-19,44.0923,44.0923,43.3623,43.5146,30492620
2025-09-22,43.3504,43.6777,43.1868,43.4645,22694170
2025-09-23,43.6454,44.689,43.638,44.2131,44591710
2025-09-24,44.5155,45.2046,44.4759,44.7882,35707964
2025-09-25,44.7684,45.2319,44.6593,45.1898,32159030
2025-09-26,45.2641,46.0623,45.2542,45.6062,40504050
2025-09-29,45.2889,45.3534,44.5329,44.7684,37995649
2025-09-30,44.3717,44.4684,43.9454,44.2924,47950066
2025-10-01,44.1486,44.4411,44.0247,44.2924,27897030
2025-10-02,44.2032,44.5849,43.7991,43.8462,32064640
2025-10-03,44.0644,44.337,44.0148,44.0792,24252960
2025-10-06,44.3246,44.5502,44.1189,44.2974,21671657
2025-10-07,44.2552,44.4015,43.5835,44.3668,25540453
2025-10-08,44.3618,44.3668,43.7743,44.109,20194912
2025-10-09,44.1833,44.58,43.462,43.5091,23597350
2025-10-10,43.2116,43.405,42.235,42.2498,45274945
2025-10-13,42.5696,42.8795,42.4333,42.8249,23084705
2025-10-14,42.2548,43.0604,42.1606,42.82,25298427
2025-10-15,43.0778,43.3356,42.4754,42.7952,24473944
2025-10-16,42.8844,42.9984,41.992,42.2796,29442724
2025-10-17,42.4531,42.7159,42.2845,42.6266,24277273
2025-10-20,42.7803,43.1744,42.701,43.0778,25568478
2025-10-21,43.1769,43.2959,42.7605,42.9786,26105878
2025-10-22,43.2538,43.7173,42.9042,43.5289,33093807
2025-10-23,44.2577,44.399,43.8413,44.109,47712138
2025-10-24,44.3073,44.3222,43.633,43.6628,21371548
2025-10-27,43.8921,43.9454,43.5739,43.7669,19764290
2025-10-28,43.6058,43.7421,43.286,43.3108,22666090
2025-10-29,43.3579,43.8561,43.2711,43.633,27036414
2025-10-30,43.6033,43.9354,43.3133,43.3752,20839650
2025-10-31,43.4099,43.9379,43.291,43.6925,27215409
2025-11-03,43.7024,43.8165,43.1968,43.6975,22422183
2025-11-04,43.1844,43.3455,42.82,43.2265,29728905
2025-11-05,43.2166,43.8214,43.1744,43.3405,24060535
2025-11-06,43.4397,44.1734,43.405,43.7619,32429532
2025-11-07,43.9156,44.4932,43.7942,44.3916,35760696
2025-11-10,44.5056,44.8973,43.928,44.7931,31531054
2025-11-11,45.0609,45.6955,45.0262,45.3782,39083115
2025-11-12,45.0708,45.279,44.6791,44.7436,30117872
2025-11-13,44.8799,45.2641,44.6568,44.8576,32518692
2025-11-14,45.0609,45.7202,44.5279,45.6211,34471103
2025-11-17,45.5566,45.5814,44.6097,44.7882,37766569
2025-11-18,44.5948,45.2641,44.4709,45.1451,35136911
2025-11-19,44.347,44.7014,44.0346,44.5601,41412790
2025-11-20,44.7708,45.3955,44.0197,44.0544,41984934
2025-11-21,44.0594,44.5254,43.6628,44.3321,39652391
2025-11-24,44.2478,44.347,43.524,44.2081,33968928
2025-11-25,43.8611,44.104,43.5661,43.9305,29548691
2025-11-26,43.9107,44.5775,43.8809,44.2627,26837884
2025-11-28,44.2751,45.0336,44.2205,44.8427,16808705
2025-12-01,44.9072,45.5219,44.8725,45.274,31415620
2025-12-02,45.1724,45.2046,44.4635,44.689,33588838
2025-12-03,44.9716,45.6062,44.927,45.5269,30431197
2025-12-04,45.4724,45.7921,45.3682,45.7202,24002585
2025-12-05,45.6399,46.2656,45.5219,45.5318,22353337
2025-12-08,45.2641,45.5318,44.8873,45.0361,28129700
2025-12-09,45.1055,45.6905,45.0757,45.3137,21095746
2025-12-10,45.4029,45.8739,45.2393,45.7897,26478886
2025-12-11,45.512,45.8541,45.4525,45.5715,26047416
2025-12-12,45.6558,45.8442,45.0063,45.1253,33443843
2025-12-15,45.1699,45.2245,44.4411,44.808,27756170
2025-12-16,44.4213,44.4709,43.4,43.4397,49732788
2025-12-17,43.757,44.5006,43.6876,44.4015,43745052
2025-12-18,44.2726,44.3321,43.6082,43.757,30175261
2025-12-19,43.9057,44.1536,43.6529,43.757,32231999
2025-12-22,44.17,44.485,44.09,44.21,23707420
2025-12-23,44.365,44.55,44.22,44.5,19137538
2025-12-24,44.415,44.555,44.31,44.37,11293864
2025-12-26,44.29,44.435,43.99,44.2,17884483
2025-12-29,44.485,44.74,44.29,44.62,31352054
2025-12-30,44.84,45.0884,44.8,44.96,18654743
2025-12-31,44.93,45.02,44.57,44.71,16965922
2026-01-02,44.71,45.7799,44.49,45.65,31935524
2026-01-05,47.16,47.32,45.75,46.89,94961037
2026-01-06,46.995,47.06,45.5313,45.64,69568225
2026-01-07,45.78,45.82,45.08,45.13,42739166
2026-01-08,45.315,46.85,45.22,46.55,51451021
2026-01-09,46.74,46.88,46.505,46.67,38839945
2026-01-12,46.755,46.805,46.1001,46.34,28264436
2026-01-13,46.73,47.39,46.68,47,50469235
2026-01-14,47.25,48.65,47.18,48.06,80750152
2026-01-15,47.59,48.07,47.27,47.61,49328793
2026-01-16,47.525,47.805,47.485,47.69,30796285
2026-01-20,48.09,48.31,47.5,47.6,50178699
2026-01-21,48.29,49.05,48.29,48.75,58996037
2026-01-22,48.605,49,48.42,48.91,50869509
2026-01-23,49.48,49.89,49.09,49.19,51431167
2026-01-26,49.865,49.89,48.95,49.22,40122625
2026-01-27,49.365,49.815,49.16,49.67,39840271
2026-01-28,49.97,50.14,49.56,50.05,41890386
2026-01-29,51.1699,51.73,50.48,50.51,77520650
2026-01-30,50.39,51.085,49.875,51.05,74039404
2026-02-02,50.1,50.51,49.77,50.05,61479856
2026-02-03,50.2,51.78,50.02,51.67,83754106
2026-02-04,51.86,52.9599,51.82,52.83,78149891
2026-02-05,52.26,52.49,51.435,52.21,54235648
2026-02-06,52.455,53.415,52.36,53.25,41669571
2026-02-09,53.205,53.72,52.975,53.64,38798501
2026-02-10,53.77,53.79,53.24,53.58,32145991
2026-02-11,54.3499,55.11,54.25,54.98,57349665
2026-02-12,54.845,55.24,53.76,53.98,67427841
2026-02-13,53.98,54.575,53.81,54.35,48392131
2026-02-17,54.565,54.905,53.18,53.75,50499593
2026-02-18,54.53,54.86,54.22,54.78,59196116
2026-02-19,55.46,55.88,54.925,55.18,62513522
2026-02-20,55.04,55.285,54.51,54.88,50833496
2026-02-23,55.035,55.93,54.865,55.15,44013500
2026-02-24,55.12,55.22,54.4,55.1,42921700
2026-02-25,55.3,55.37,54.185,54.87,36207500
2026-02-26,54.37,55.67,54.12,55.05,46979378
2026-02-27,55.6923,56.15,54.925,55.92,58987253
2026-03-02,57.77,57.88,56.27,57.04,135633331
2026-03-03,57.385,57.72,56.05,56.52,154770813
2026-03-04,56.075,56.43,55.325,56.19,70732743
2026-03-05,56.46,57.06,56.08,56.48,85177811
2026-03-06,57.2,57.34,56.17,56.57,68219040
2026-03-09,56.84,57.15,55.94,56.32,88747415
2026-03-10,56.055,56.46,55.365,55.6,88817874
2026-03-11,55.63,57.04,55.54,56.98,48743711
2026-03-12,57.13,58.215,57.06,57.51,69358707
2026-03-13,57.5,57.93,57.1,57.7,43374633
2026-03-16,57.765,58.1,57.27,57.9,39474322
2026-03-17,58.23,59.05,57.98,58.51,40137744
2026-03-18,58.74,58.97,58.43,58.43,42908021
2026-03-19,58.84,59.72,58.52,59.36,69231382
2026-03-20,59.555,60.32,59.28,59.31,73003414
2026-03-23,57.89,59.84,57.66,59.63,71027210
2026-03-24,59.84,61.47,59.77,60.84,51207451
2026-03-25,60.32,61,60.26,60.57,42680736
2026-03-26,60.67,61.86,60.59,61.52,54967638
2026-03-27,61.53,62.79,61.26,62.56,59553212
2026-03-30,63.13,63.46,61.78,61.96,49750120
2026-03-31,62.04,62.83,60.035,61.26,94766929
2026-04-01,59.72,60.62,58.355,58.97,96652895
2026-04-02,60.53,61.01,58.98,59.25,60400533
2026-04-06,59.11,59.69,58.891,59.68,25474156
2026-04-07,59.81,60.77,59.79,60.16,38811700
2026-04-08,56.68,58.19,56.18,58.05,88023628
2026-04-09,58.2,59.02,57.11,57.33,55088507
2026-04-10,57.17,57.475,56.4,56.94,42561689
2026-04-13,57.615,57.72,56.645,57.11,43100868
2026-04-14,56.5,56.5,55.405,55.95,58830078
2026-04-15,55.6,56.21,55.27,55.76,39551489
2026-04-16,55.84,56.875,55.765,56.58,31282568
2026-04-17,54.41,55.16,53.41,55.02,90913253
2026-04-20,55.1,55.72,54.8,55.07,35150037
2026-04-21,55.32,55.96,54.92,55.87,41299833
2026-04-22,56.36,56.78,56.13,56.54,40565507
2026-04-23,56.89,57.19,56.465,56.98,34707172
2026-04-24,56.77,56.92,56.17,56.87,36426744
2026-04-27,57.1,57.68,56.63,56.77,33070604
2026-04-28,57.72,58.05,57.375,57.71,39151281
2026-04-29,58.28,59.11,58.06,59.03,40616692
2026-04-30,58.2,59.835,57.935,59.65,35896766
2026-05-01,59.06,59.6,58.26,58.85,35828435
2026-05-04,58.73,59.63,58.22,59.39,36882957
2026-05-05,59.23,59.76,58.89,59.45,27041418
2026-05-06,57.29,57.89,56.655,57,57907517
2026-05-07,55.87,56.15,55.13,55.95,52909857
2026-05-08,55.85,56.225,55.46,55.7,30573489
2026-05-11,56.26,57.22,56.24,57.17,31943312
2026-05-12,57.73,57.84,57.14,57.57,36814545
2026-05-13,57.47,57.71,56.96,57.63,22707191
2026-05-14,57.65,58.18,57.505,58.07,23486954
2026-05-15,58.7,59.47,58.475,59.44,33565457
2026-05-18,59.125,60.7,58.72,60.58,41516591
2026-05-19,60.81,61.49,60.295,61.29,31111027
2026-05-20,60.81,61.7,59.675,59.8,61776771
2026-05-21,60.48,60.59,58.715,59.13,45851129
2026-05-22,58.99,59.61,58.83,59.49,42428853
2026-05-26,58.87,59.57,57.835,57.85,38819875
2026-05-27,57.01,57.5,56.475,56.99,48329833
2026-05-28,57.55,57.68,56.68,56.95,46554064
2026-05-29,56.68,56.79,55.99,56.29,32389634
2026-06-01,57.025,57.81,56.85,57.3,55879350
2026-06-02,57.19,58.17,57.08,57.96,23842616
2026-06-03,58.24,59.375,58.01,58.71,46312795
2026-06-04,58.5,59.025,58.17,58.75,23916328
2026-06-05,58.665,58.78,57.63,57.67,28212971
2026-06-08,58.08,58.96,57.97,58.33,25717786
2026-06-09,58.08,58.21,56.81,57.39,46026298
2026-06-10,57.94,59.04,57.78,58.25,36515274
2026-06-11,58.775,58.99,57.055,57.12,40863527
2026-06-12,56.79,58.15,56.63,57.55,31964734
2026-06-15,55.2,56.05,55.02,55.55,44319055
2026-06-16,55,55.475,54.95,55.36,42008394
2026-06-17,55.26,55.36,54.54,54.67,38553036
2026-06-18,54.14,54.25,53.245,53.77,39645690
2026-06-22,53.53,54.13,53.165,54.06,30765618
2026-06-23,54.14,54.56,53.87,54.46,38690404
2026-06-24,53.5,53.765,52.94,53.57,43034611
2026-06-25,53.2,54.315,53,54.09,28238616
2026-06-26,54,54.15,53.675,53.84,19025239
2026-06-29,53.98,54.28,53.47,53.58,25142317
2026-06-30,53.62,54.115,53.08,53.11,28283952
2026-07-01,53.045,53.44,52.62,52.81,33662700
2026-07-02,53.24,53.65,52.91,53.22,28538218
2026-07-06,53.058,53.55,53,53.13,24735264
2026-07-07,53.61,54.82,53.6,54.64,41833647
2026-07-08,55.455,56.035,54.865,55.6,39741354
2026-07-09,55.28,55.48,54.73,54.82,21770724
2026-07-10,55.08,55.24,54.36,55.08,22974652
2026-07-13,55.86,56.97,55.86,56.74,41200899
2026-07-14,57,57.22,56.29,56.95,32578964
2026-07-15,56.94,57.04,55.76,56.5,33184198
2026-07-16,56.66,57.3,56.595,57.02,27476980
2026-07-17,57.95,58.115,57.28,57.68,31397793
2026-07-20,57.555,58.385,57.41,57.94,27329327
2026-07-21,58.16,58.53,57.83,58.5,20315679
2026-07-22,59.27,59.52,58.9,59.2,29548568
2026-07-23,60.244,60.3768,59.265,59.38,35838630
2026-07-24,59.4,60.45,59.4,59.62,34181899
2026-07-27,58.41,59.2799,58.23,58.36,33826362
2026-07-28,58.41,58.79,57.25,57.57,27800811
2026-07-29,59.08,59.3,58.42,58.65,34175576
2026-07-30,58.08,59.105,58.02,58.96,23045724
2026-07-31,58.93,59.685,58.32,59.55,23556476
2026-08-03,58.69,59.325,58.16,58.79,26038365
2026-08-04,57.7,58.72,57.13,58.52,37661542
2026-08-05,58.77,58.98,57.205,57.31,33213538
2026-08-06,58.39,58.56,57.58,58.16,25084278
2026-08-07,57.525,58.045,57.11,57.5,21092719
2026-08-10,58.19,60.21,58.1,60.18,33677848
2026-08-11,59.99,61.08,59.99,60.93,22400839
2026-08-12,60.47,61.17,60.335,61.03,22584153
